run_id,config,scenario,replicate,seed,metric,value
full__schema_drift__r0,full,schema_drift,0,558707895,mttr_s,86.211197
full__schema_drift__r0,full,schema_drift,0,558707895,cost_units,832.5000034621432
full__schema_drift__r0,full,schema_drift,0,558707895,manual_interventions,2.0
full__schema_drift__r0,full,schema_drift,0,558707895,llm_tokens,53728.0
full__schema_drift__r0,full,schema_drift,0,558707895,freshness_s,0.0
full__schema_drift__r0,full,schema_drift,0,558707895,decision_correct,1.0
full__schema_drift__r0,full,schema_drift,0,558707895,wall_clock_s,431.0559956250072
full__schema_drift__r0,full,schema_drift,0,558707895,api_tokens,2944.0
full__schema_drift__r0,full,schema_drift,0,558707895,llm_calls,8.0
full__schema_drift__r0,full,schema_drift,0,558707895,llm_cache_hits,572.0
full__schema_drift__r0,full,schema_drift,0,558707895,llm_degraded,0.0
full__schema_drift__r0,full,schema_drift,0,558707895,llm_invalid,0.0
full__schema_drift__r0,full,schema_drift,0,558707895,llm_latency_s,7.979004294611514e-06
full__schema_drift__r1,full,schema_drift,1,3905009039,mttr_s,72.39092699999999
full__schema_drift__r1,full,schema_drift,1,3905009039,cost_units,832.5000034621432
full__schema_drift__r1,full,schema_drift,1,3905009039,manual_interventions,2.0
full__schema_drift__r1,full,schema_drift,1,3905009039,llm_tokens,53728.0
full__schema_drift__r1,full,schema_drift,1,3905009039,freshness_s,0.0
full__schema_drift__r1,full,schema_drift,1,3905009039,decision_correct,1.0
full__schema_drift__r1,full,schema_drift,1,3905009039,wall_clock_s,431.2593251670187
full__schema_drift__r1,full,schema_drift,1,3905009039,api_tokens,2944.0
full__schema_drift__r1,full,schema_drift,1,3905009039,llm_calls,8.0
full__schema_drift__r1,full,schema_drift,1,3905009039,llm_cache_hits,572.0
full__schema_drift__r1,full,schema_drift,1,3905009039,llm_degraded,0.0
full__schema_drift__r1,full,schema_drift,1,3905009039,llm_invalid,0.0
full__schema_drift__r1,full,schema_drift,1,3905009039,llm_latency_s,5.708512617275119e-06
full__schema_drift__r2,full,schema_drift,2,3473685173,mttr_s,264.2369875
full__schema_drift__r2,full,schema_drift,2,3473685173,cost_units,832.5000034621432
full__schema_drift__r2,full,schema_drift,2,3473685173,manual_interventions,2.0
full__schema_drift__r2,full,schema_drift,2,3473685173,llm_tokens,53728.0
full__schema_drift__r2,full,schema_drift,2,3473685173,freshness_s,0.0
full__schema_drift__r2,full,schema_drift,2,3473685173,decision_correct,1.0
full__schema_drift__r2,full,schema_drift,2,3473685173,wall_clock_s,431.00298783299513
full__schema_drift__r2,full,schema_drift,2,3473685173,api_tokens,2944.0
full__schema_drift__r2,full,schema_drift,2,3473685173,llm_calls,8.0
full__schema_drift__r2,full,schema_drift,2,3473685173,llm_cache_hits,572.0
full__schema_drift__r2,full,schema_drift,2,3473685173,llm_degraded,0.0
full__schema_drift__r2,full,schema_drift,2,3473685173,llm_invalid,0.0
full__schema_drift__r2,full,schema_drift,2,3473685173,llm_latency_s,1.1479001841507852e-05
full__schema_drift__r3,full,schema_drift,3,2355155632,mttr_s,121.7217845
full__schema_drift__r3,full,schema_drift,3,2355155632,cost_units,832.5000034621432
full__schema_drift__r3,full,schema_drift,3,2355155632,manual_interventions,2.0
full__schema_drift__r3,full,schema_drift,3,2355155632,llm_tokens,53728.0
full__schema_drift__r3,full,schema_drift,3,2355155632,freshness_s,0.0
full__schema_drift__r3,full,schema_drift,3,2355155632,decision_correct,1.0
full__schema_drift__r3,full,schema_drift,3,2355155632,wall_clock_s,431.0094509999908
full__schema_drift__r3,full,schema_drift,3,2355155632,api_tokens,2944.0
full__schema_drift__r3,full,schema_drift,3,2355155632,llm_calls,8.0
full__schema_drift__r3,full,schema_drift,3,2355155632,llm_cache_hits,572.0
full__schema_drift__r3,full,schema_drift,3,2355155632,llm_degraded,0.0
full__schema_drift__r3,full,schema_drift,3,2355155632,llm_invalid,0.0
full__schema_drift__r3,full,schema_drift,3,2355155632,llm_latency_s,1.60624913405627e-05
full__schema_drift__r4,full,schema_drift,4,3410195450,mttr_s,211.555227
full__schema_drift__r4,full,schema_drift,4,3410195450,cost_units,832.5000034621432
full__schema_drift__r4,full,schema_drift,4,3410195450,manual_interventions,2.0
full__schema_drift__r4,full,schema_drift,4,3410195450,llm_tokens,53728.0
full__schema_drift__r4,full,schema_drift,4,3410195450,freshness_s,0.0
full__schema_drift__r4,full,schema_drift,4,3410195450,decision_correct,1.0
full__schema_drift__r4,full,schema_drift,4,3410195450,wall_clock_s,431.1461585419893
full__schema_drift__r4,full,schema_drift,4,3410195450,api_tokens,2944.0
full__schema_drift__r4,full,schema_drift,4,3410195450,llm_calls,8.0
full__schema_drift__r4,full,schema_drift,4,3410195450,llm_cache_hits,572.0
full__schema_drift__r4,full,schema_drift,4,3410195450,llm_degraded,0.0
full__schema_drift__r4,full,schema_drift,4,3410195450,llm_invalid,0.0
full__schema_drift__r4,full,schema_drift,4,3410195450,llm_latency_s,5.312496796250343e-06
full__schema_drift__r5,full,schema_drift,5,828903508,mttr_s,97.22254000000001
full__schema_drift__r5,full,schema_drift,5,828903508,cost_units,832.5000034621432
full__schema_drift__r5,full,schema_drift,5,828903508,manual_interventions,2.0
full__schema_drift__r5,full,schema_drift,5,828903508,llm_tokens,53728.0
full__schema_drift__r5,full,schema_drift,5,828903508,freshness_s,0.0
full__schema_drift__r5,full,schema_drift,5,828903508,decision_correct,1.0
full__schema_drift__r5,full,schema_drift,5,828903508,wall_clock_s,430.3722251250001
full__schema_drift__r5,full,schema_drift,5,828903508,api_tokens,2944.0
full__schema_drift__r5,full,schema_drift,5,828903508,llm_calls,8.0
full__schema_drift__r5,full,schema_drift,5,828903508,llm_cache_hits,572.0
full__schema_drift__r5,full,schema_drift,5,828903508,llm_degraded,0.0
full__schema_drift__r5,full,schema_drift,5,828903508,llm_invalid,0.0
full__schema_drift__r5,full,schema_drift,5,828903508,llm_latency_s,1.4500008546747267e-05
full__schema_drift__r6,full,schema_drift,6,373160175,mttr_s,182.77342299999998
full__schema_drift__r6,full,schema_drift,6,373160175,cost_units,832.5000034621432
full__schema_drift__r6,full,schema_drift,6,373160175,manual_interventions,2.0
full__schema_drift__r6,full,schema_drift,6,373160175,llm_tokens,53728.0
full__schema_drift__r6,full,schema_drift,6,373160175,freshness_s,0.0
full__schema_drift__r6,full,schema_drift,6,373160175,decision_correct,1.0
full__schema_drift__r6,full,schema_drift,6,373160175,wall_clock_s,430.53387750001275
full__schema_drift__r6,full,schema_drift,6,373160175,api_tokens,2944.0
full__schema_drift__r6,full,schema_drift,6,373160175,llm_calls,8.0
full__schema_drift__r6,full,schema_drift,6,373160175,llm_cache_hits,572.0
full__schema_drift__r6,full,schema_drift,6,373160175,llm_degraded,0.0
full__schema_drift__r6,full,schema_drift,6,373160175,llm_invalid,0.0
full__schema_drift__r6,full,schema_drift,6,373160175,llm_latency_s,1.6791484085842967e-05
full__schema_drift__r7,full,schema_drift,7,3446686795,mttr_s,147.5157605
full__schema_drift__r7,full,schema_drift,7,3446686795,cost_units,832.5000034621432
full__schema_drift__r7,full,schema_drift,7,3446686795,manual_interventions,2.0
full__schema_drift__r7,full,schema_drift,7,3446686795,llm_tokens,53728.0
full__schema_drift__r7,full,schema_drift,7,3446686795,freshness_s,0.0
full__schema_drift__r7,full,schema_drift,7,3446686795,decision_correct,1.0
full__schema_drift__r7,full,schema_drift,7,3446686795,wall_clock_s,430.47933508397546
full__schema_drift__r7,full,schema_drift,7,3446686795,api_tokens,2944.0
full__schema_drift__r7,full,schema_drift,7,3446686795,llm_calls,8.0
full__schema_drift__r7,full,schema_drift,7,3446686795,llm_cache_hits,572.0
full__schema_drift__r7,full,schema_drift,7,3446686795,llm_degraded,0.0
full__schema_drift__r7,full,schema_drift,7,3446686795,llm_invalid,0.0
full__schema_drift__r7,full,schema_drift,7,3446686795,llm_latency_s,1.1458512744866312e-05
full__schema_drift__r8,full,schema_drift,8,1491211485,mttr_s,120.4945185
full__schema_drift__r8,full,schema_drift,8,1491211485,cost_units,832.5000034621432
full__schema_drift__r8,full,schema_drift,8,1491211485,manual_interventions,2.0
full__schema_drift__r8,full,schema_drift,8,1491211485,llm_tokens,53728.0
full__schema_drift__r8,full,schema_drift,8,1491211485,freshness_s,0.0
full__schema_drift__r8,full,schema_drift,8,1491211485,decision_correct,1.0
full__schema_drift__r8,full,schema_drift,8,1491211485,wall_clock_s,430.23361312499037
full__schema_drift__r8,full,schema_drift,8,1491211485,api_tokens,2944.0
full__schema_drift__r8,full,schema_drift,8,1491211485,llm_calls,8.0
full__schema_drift__r8,full,schema_drift,8,1491211485,llm_cache_hits,572.0
full__schema_drift__r8,full,schema_drift,8,1491211485,llm_degraded,0.0
full__schema_drift__r8,full,schema_drift,8,1491211485,llm_invalid,0.0
full__schema_drift__r8,full,schema_drift,8,1491211485,llm_latency_s,9.186987881548703e-06
full__schema_drift__r9,full,schema_drift,9,2202240978,mttr_s,126.97398700000001
full__schema_drift__r9,full,schema_drift,9,2202240978,cost_units,832.5000034621432
full__schema_drift__r9,full,schema_drift,9,2202240978,manual_interventions,2.0
full__schema_drift__r9,full,schema_drift,9,2202240978,llm_tokens,53728.0
full__schema_drift__r9,full,schema_drift,9,2202240978,freshness_s,0.0
full__schema_drift__r9,full,schema_drift,9,2202240978,decision_correct,1.0
full__schema_drift__r9,full,schema_drift,9,2202240978,wall_clock_s,431.15379645797657
full__schema_drift__r9,full,schema_drift,9,2202240978,api_tokens,2944.0
full__schema_drift__r9,full,schema_drift,9,2202240978,llm_calls,8.0
full__schema_drift__r9,full,schema_drift,9,2202240978,llm_cache_hits,572.0
full__schema_drift__r9,full,schema_drift,9,2202240978,llm_degraded,0.0
full__schema_drift__r9,full,schema_drift,9,2202240978,llm_invalid,0.0
full__schema_drift__r9,full,schema_drift,9,2202240978,llm_latency_s,9.791503543965518e-06
full__schema_drift__r10,full,schema_drift,10,3889749152,mttr_s,230.885463
full__schema_drift__r10,full,schema_drift,10,3889749152,cost_units,832.5000034621432
full__schema_drift__r10,full,schema_drift,10,3889749152,manual_interventions,3.0
full__schema_drift__r10,full,schema_drift,10,3889749152,llm_tokens,53728.0
full__schema_drift__r10,full,schema_drift,10,3889749152,freshness_s,0.0
full__schema_drift__r10,full,schema_drift,10,3889749152,decision_correct,1.0
full__schema_drift__r10,full,schema_drift,10,3889749152,wall_clock_s,430.9498525829986
full__schema_drift__r10,full,schema_drift,10,3889749152,api_tokens,2944.0
full__schema_drift__r10,full,schema_drift,10,3889749152,llm_calls,8.0
full__schema_drift__r10,full,schema_drift,10,3889749152,llm_cache_hits,572.0
full__schema_drift__r10,full,schema_drift,10,3889749152,llm_degraded,0.0
full__schema_drift__r10,full,schema_drift,10,3889749152,llm_invalid,0.0
full__schema_drift__r10,full,schema_drift,10,3889749152,llm_latency_s,9.791008778847754e-06
full__schema_drift__r11,full,schema_drift,11,156430749,mttr_s,177.67949850000002
full__schema_drift__r11,full,schema_drift,11,156430749,cost_units,832.5000034621432
full__schema_drift__r11,full,schema_drift,11,156430749,manual_interventions,2.0
full__schema_drift__r11,full,schema_drift,11,156430749,llm_tokens,53728.0
full__schema_drift__r11,full,schema_drift,11,156430749,freshness_s,0.0
full__schema_drift__r11,full,schema_drift,11,156430749,decision_correct,1.0
full__schema_drift__r11,full,schema_drift,11,156430749,wall_clock_s,430.9463081250142
full__schema_drift__r11,full,schema_drift,11,156430749,api_tokens,2944.0
full__schema_drift__r11,full,schema_drift,11,156430749,llm_calls,8.0
full__schema_drift__r11,full,schema_drift,11,156430749,llm_cache_hits,572.0
full__schema_drift__r11,full,schema_drift,11,156430749,llm_degraded,0.0
full__schema_drift__r11,full,schema_drift,11,156430749,llm_invalid,0.0
full__schema_drift__r11,full,schema_drift,11,156430749,llm_latency_s,2.270800177939236e-05
full__schema_drift__r12,full,schema_drift,12,10392536,mttr_s,172.9705525
full__schema_drift__r12,full,schema_drift,12,10392536,cost_units,832.5000034621432
full__schema_drift__r12,full,schema_drift,12,10392536,manual_interventions,2.0
full__schema_drift__r12,full,schema_drift,12,10392536,llm_tokens,54096.0
full__schema_drift__r12,full,schema_drift,12,10392536,freshness_s,0.0
full__schema_drift__r12,full,schema_drift,12,10392536,decision_correct,1.0
full__schema_drift__r12,full,schema_drift,12,10392536,wall_clock_s,432.07814920900273
full__schema_drift__r12,full,schema_drift,12,10392536,api_tokens,2944.0
full__schema_drift__r12,full,schema_drift,12,10392536,llm_calls,8.0
full__schema_drift__r12,full,schema_drift,12,10392536,llm_cache_hits,576.0
full__schema_drift__r12,full,schema_drift,12,10392536,llm_degraded,0.0
full__schema_drift__r12,full,schema_drift,12,10392536,llm_invalid,0.0
full__schema_drift__r12,full,schema_drift,12,10392536,llm_latency_s,1.4062505215406418e-05
full__schema_drift__r13,full,schema_drift,13,2220641282,mttr_s,109.8515375
full__schema_drift__r13,full,schema_drift,13,2220641282,cost_units,832.5000034621432
full__schema_drift__r13,full,schema_drift,13,2220641282,manual_interventions,2.0
full__schema_drift__r13,full,schema_drift,13,2220641282,llm_tokens,53728.0
full__schema_drift__r13,full,schema_drift,13,2220641282,freshness_s,0.0
full__schema_drift__r13,full,schema_drift,13,2220641282,decision_correct,1.0
full__schema_drift__r13,full,schema_drift,13,2220641282,wall_clock_s,430.30211512499955
full__schema_drift__r13,full,schema_drift,13,2220641282,api_tokens,2944.0
full__schema_drift__r13,full,schema_drift,13,2220641282,llm_calls,8.0
full__schema_drift__r13,full,schema_drift,13,2220641282,llm_cache_hits,572.0
full__schema_drift__r13,full,schema_drift,13,2220641282,llm_degraded,0.0
full__schema_drift__r13,full,schema_drift,13,2220641282,llm_invalid,0.0
full__schema_drift__r13,full,schema_drift,13,2220641282,llm_latency_s,7.749986252747476e-06
full__schema_drift__r14,full,schema_drift,14,2610438489,mttr_s,266.014189
full__schema_drift__r14,full,schema_drift,14,2610438489,cost_units,832.5000034621432
full__schema_drift__r14,full,schema_drift,14,2610438489,manual_interventions,2.0
full__schema_drift__r14,full,schema_drift,14,2610438489,llm_tokens,53728.0
full__schema_drift__r14,full,schema_drift,14,2610438489,freshness_s,0.0
full__schema_drift__r14,full,schema_drift,14,2610438489,decision_correct,1.0
full__schema_drift__r14,full,schema_drift,14,2610438489,wall_clock_s,431.3671916250023
full__schema_drift__r14,full,schema_drift,14,2610438489,api_tokens,2944.0
full__schema_drift__r14,full,schema_drift,14,2610438489,llm_calls,8.0
full__schema_drift__r14,full,schema_drift,14,2610438489,llm_cache_hits,572.0
full__schema_drift__r14,full,schema_drift,14,2610438489,llm_degraded,0.0
full__schema_drift__r14,full,schema_drift,14,2610438489,llm_invalid,0.0
full__schema_drift__r14,full,schema_drift,14,2610438489,llm_latency_s,8.603994501754642e-06
full__schema_drift__r15,full,schema_drift,15,812999480,mttr_s,164.338504
full__schema_drift__r15,full,schema_drift,15,812999480,cost_units,832.5000034621432
full__schema_drift__r15,full,schema_drift,15,812999480,manual_interventions,2.0
full__schema_drift__r15,full,schema_drift,15,812999480,llm_tokens,53728.0
full__schema_drift__r15,full,schema_drift,15,812999480,freshness_s,0.0
full__schema_drift__r15,full,schema_drift,15,812999480,decision_correct,1.0
full__schema_drift__r15,full,schema_drift,15,812999480,wall_clock_s,430.95091895901714
full__schema_drift__r15,full,schema_drift,15,812999480,api_tokens,2944.0
full__schema_drift__r15,full,schema_drift,15,812999480,llm_calls,8.0
full__schema_drift__r15,full,schema_drift,15,812999480,llm_cache_hits,572.0
full__schema_drift__r15,full,schema_drift,15,812999480,llm_degraded,0.0
full__schema_drift__r15,full,schema_drift,15,812999480,llm_invalid,0.0
full__schema_drift__r15,full,schema_drift,15,812999480,llm_latency_s,1.760399027261883e-05
full__schema_drift__r16,full,schema_drift,16,4226887780,mttr_s,223.96026600000002
full__schema_drift__r16,full,schema_drift,16,4226887780,cost_units,832.5000034621432
full__schema_drift__r16,full,schema_drift,16,4226887780,manual_interventions,2.0
full__schema_drift__r16,full,schema_drift,16,4226887780,llm_tokens,53728.0
full__schema_drift__r16,full,schema_drift,16,4226887780,freshness_s,0.0
full__schema_drift__r16,full,schema_drift,16,4226887780,decision_correct,1.0
full__schema_drift__r16,full,schema_drift,16,4226887780,wall_clock_s,431.0623607499874
full__schema_drift__r16,full,schema_drift,16,4226887780,api_tokens,2944.0
full__schema_drift__r16,full,schema_drift,16,4226887780,llm_calls,8.0
full__schema_drift__r16,full,schema_drift,16,4226887780,llm_cache_hits,572.0
full__schema_drift__r16,full,schema_drift,16,4226887780,llm_degraded,0.0
full__schema_drift__r16,full,schema_drift,16,4226887780,llm_invalid,0.0
full__schema_drift__r16,full,schema_drift,16,4226887780,llm_latency_s,1.239599077962339e-05
full__schema_drift__r17,full,schema_drift,17,3000453668,mttr_s,105.41651949999999
full__schema_drift__r17,full,schema_drift,17,3000453668,cost_units,832.5000034621432
full__schema_drift__r17,full,schema_drift,17,3000453668,manual_interventions,2.0
full__schema_drift__r17,full,schema_drift,17,3000453668,llm_tokens,53728.0
full__schema_drift__r17,full,schema_drift,17,3000453668,freshness_s,0.0
full__schema_drift__r17,full,schema_drift,17,3000453668,decision_correct,1.0
full__schema_drift__r17,full,schema_drift,17,3000453668,wall_clock_s,430.95229512499645
full__schema_drift__r17,full,schema_drift,17,3000453668,api_tokens,2944.0
full__schema_drift__r17,full,schema_drift,17,3000453668,llm_calls,8.0
full__schema_drift__r17,full,schema_drift,17,3000453668,llm_cache_hits,572.0
full__schema_drift__r17,full,schema_drift,17,3000453668,llm_degraded,0.0
full__schema_drift__r17,full,schema_drift,17,3000453668,llm_invalid,0.0
full__schema_drift__r17,full,schema_drift,17,3000453668,llm_latency_s,5.1040115067735314e-06
full__schema_drift__r18,full,schema_drift,18,510706460,mttr_s,275.15968399999997
full__schema_drift__r18,full,schema_drift,18,510706460,cost_units,832.5000034621432
full__schema_drift__r18,full,schema_drift,18,510706460,manual_interventions,2.0
full__schema_drift__r18,full,schema_drift,18,510706460,llm_tokens,54096.0
full__schema_drift__r18,full,schema_drift,18,510706460,freshness_s,0.0
full__schema_drift__r18,full,schema_drift,18,510706460,decision_correct,1.0
full__schema_drift__r18,full,schema_drift,18,510706460,wall_clock_s,431.14819945799536
full__schema_drift__r18,full,schema_drift,18,510706460,api_tokens,2944.0
full__schema_drift__r18,full,schema_drift,18,510706460,llm_calls,8.0
full__schema_drift__r18,full,schema_drift,18,510706460,llm_cache_hits,576.0
full__schema_drift__r18,full,schema_drift,18,510706460,llm_degraded,0.0
full__schema_drift__r18,full,schema_drift,18,510706460,llm_invalid,0.0
full__schema_drift__r18,full,schema_drift,18,510706460,llm_latency_s,9.417010005563498e-06
full__schema_drift__r19,full,schema_drift,19,2808389217,mttr_s,143.08343349999998
full__schema_drift__r19,full,schema_drift,19,2808389217,cost_units,832.5000034621432
full__schema_drift__r19,full,schema_drift,19,2808389217,manual_interventions,2.0
full__schema_drift__r19,full,schema_drift,19,2808389217,llm_tokens,53728.0
full__schema_drift__r19,full,schema_drift,19,2808389217,freshness_s,0.0
full__schema_drift__r19,full,schema_drift,19,2808389217,decision_correct,1.0
full__schema_drift__r19,full,schema_drift,19,2808389217,wall_clock_s,430.4049589999777
full__schema_drift__r19,full,schema_drift,19,2808389217,api_tokens,2944.0
full__schema_drift__r19,full,schema_drift,19,2808389217,llm_calls,8.0
full__schema_drift__r19,full,schema_drift,19,2808389217,llm_cache_hits,572.0
full__schema_drift__r19,full,schema_drift,19,2808389217,llm_degraded,0.0
full__schema_drift__r19,full,schema_drift,19,2808389217,llm_invalid,0.0
full__schema_drift__r19,full,schema_drift,19,2808389217,llm_latency_s,1.229200279340148e-05
full__upstream_delay__r0,full,upstream_delay,0,1899498806,mttr_s,0.588979
full__upstream_delay__r0,full,upstream_delay,0,1899498806,cost_units,832.5000034621432
full__upstream_delay__r0,full,upstream_delay,0,1899498806,manual_interventions,1.0
full__upstream_delay__r0,full,upstream_delay,0,1899498806,llm_tokens,53360.0
full__upstream_delay__r0,full,upstream_delay,0,1899498806,freshness_s,0.90763
full__upstream_delay__r0,full,upstream_delay,0,1899498806,decision_correct,1.0
full__upstream_delay__r0,full,upstream_delay,0,1899498806,wall_clock_s,431.71067712499644
full__upstream_delay__r0,full,upstream_delay,0,1899498806,api_tokens,2944.0
full__upstream_delay__r0,full,upstream_delay,0,1899498806,llm_calls,8.0
full__upstream_delay__r0,full,upstream_delay,0,1899498806,llm_cache_hits,568.0
full__upstream_delay__r0,full,upstream_delay,0,1899498806,llm_degraded,0.0
full__upstream_delay__r0,full,upstream_delay,0,1899498806,llm_invalid,0.0
full__upstream_delay__r0,full,upstream_delay,0,1899498806,llm_latency_s,1.9708008039742708e-05
full__upstream_delay__r1,full,upstream_delay,1,1158765143,mttr_s,0.354204
full__upstream_delay__r1,full,upstream_delay,1,1158765143,cost_units,832.5000034621432
full__upstream_delay__r1,full,upstream_delay,1,1158765143,manual_interventions,0.0
full__upstream_delay__r1,full,upstream_delay,1,1158765143,llm_tokens,736.0
full__upstream_delay__r1,full,upstream_delay,1,1158765143,freshness_s,0.589242
full__upstream_delay__r1,full,upstream_delay,1,1158765143,decision_correct,1.0
full__upstream_delay__r1,full,upstream_delay,1,1158765143,wall_clock_s,432.79288399999496
full__upstream_delay__r1,full,upstream_delay,1,1158765143,api_tokens,1840.0
full__upstream_delay__r1,full,upstream_delay,1,1158765143,llm_calls,5.0
full__upstream_delay__r1,full,upstream_delay,1,1158765143,llm_cache_hits,147.0
full__upstream_delay__r1,full,upstream_delay,1,1158765143,llm_degraded,0.0
full__upstream_delay__r1,full,upstream_delay,1,1158765143,llm_invalid,0.0
full__upstream_delay__r1,full,upstream_delay,1,1158765143,llm_latency_s,4.875008016824722e-06
full__upstream_delay__r2,full,upstream_delay,2,1047169737,mttr_s,0.167503
full__upstream_delay__r2,full,upstream_delay,2,1047169737,cost_units,832.5000034621432
full__upstream_delay__r2,full,upstream_delay,2,1047169737,manual_interventions,0.0
full__upstream_delay__r2,full,upstream_delay,2,1047169737,llm_tokens,736.0
full__upstream_delay__r2,full,upstream_delay,2,1047169737,freshness_s,0.313966
full__upstream_delay__r2,full,upstream_delay,2,1047169737,decision_correct,1.0
full__upstream_delay__r2,full,upstream_delay,2,1047169737,wall_clock_s,431.44678954198025
full__upstream_delay__r2,full,upstream_delay,2,1047169737,api_tokens,1840.0
full__upstream_delay__r2,full,upstream_delay,2,1047169737,llm_calls,5.0
full__upstream_delay__r2,full,upstream_delay,2,1047169737,llm_cache_hits,147.0
full__upstream_delay__r2,full,upstream_delay,2,1047169737,llm_degraded,0.0
full__upstream_delay__r2,full,upstream_delay,2,1047169737,llm_invalid,0.0
full__upstream_delay__r2,full,upstream_delay,2,1047169737,llm_latency_s,4.750007065013051e-06
full__upstream_delay__r3,full,upstream_delay,3,1967697713,mttr_s,0.168812
full__upstream_delay__r3,full,upstream_delay,3,1967697713,cost_units,832.5000034621432
full__upstream_delay__r3,full,upstream_delay,3,1967697713,manual_interventions,1.0
full__upstream_delay__r3,full,upstream_delay,3,1967697713,llm_tokens,53728.0
full__upstream_delay__r3,full,upstream_delay,3,1967697713,freshness_s,0.490253
full__upstream_delay__r3,full,upstream_delay,3,1967697713,decision_correct,1.0
full__upstream_delay__r3,full,upstream_delay,3,1967697713,wall_clock_s,429.94715908399667
full__upstream_delay__r3,full,upstream_delay,3,1967697713,api_tokens,2944.0
full__upstream_delay__r3,full,upstream_delay,3,1967697713,llm_calls,8.0
full__upstream_delay__r3,full,upstream_delay,3,1967697713,llm_cache_hits,572.0
full__upstream_delay__r3,full,upstream_delay,3,1967697713,llm_degraded,0.0
full__upstream_delay__r3,full,upstream_delay,3,1967697713,llm_invalid,0.0
full__upstream_delay__r3,full,upstream_delay,3,1967697713,llm_latency_s,2.3375003365799785e-05
full__upstream_delay__r4,full,upstream_delay,4,4252950409,mttr_s,0.139555
full__upstream_delay__r4,full,upstream_delay,4,4252950409,cost_units,832.5000034621432
full__upstream_delay__r4,full,upstream_delay,4,4252950409,manual_interventions,0.0
full__upstream_delay__r4,full,upstream_delay,4,4252950409,llm_tokens,736.0
full__upstream_delay__r4,full,upstream_delay,4,4252950409,freshness_s,0.303149
full__upstream_delay__r4,full,upstream_delay,4,4252950409,decision_correct,1.0
full__upstream_delay__r4,full,upstream_delay,4,4252950409,wall_clock_s,431.1773070000054
full__upstream_delay__r4,full,upstream_delay,4,4252950409,api_tokens,1840.0
full__upstream_delay__r4,full,upstream_delay,4,4252950409,llm_calls,5.0
full__upstream_delay__r4,full,upstream_delay,4,4252950409,llm_cache_hits,147.0
full__upstream_delay__r4,full,upstream_delay,4,4252950409,llm_degraded,0.0
full__upstream_delay__r4,full,upstream_delay,4,4252950409,llm_invalid,0.0
full__upstream_delay__r4,full,upstream_delay,4,4252950409,llm_latency_s,3.8339931052178144e-06
full__upstream_delay__r5,full,upstream_delay,5,3407407722,mttr_s,0.253617
full__upstream_delay__r5,full,upstream_delay,5,3407407722,cost_units,832.5000034621432
full__upstream_delay__r5,full,upstream_delay,5,3407407722,manual_interventions,0.0
full__upstream_delay__r5,full,upstream_delay,5,3407407722,llm_tokens,736.0
full__upstream_delay__r5,full,upstream_delay,5,3407407722,freshness_s,0.467267
full__upstream_delay__r5,full,upstream_delay,5,3407407722,decision_correct,1.0
full__upstream_delay__r5,full,upstream_delay,5,3407407722,wall_clock_s,432.5045522080036
full__upstream_delay__r5,full,upstream_delay,5,3407407722,api_tokens,1840.0
full__upstream_delay__r5,full,upstream_delay,5,3407407722,llm_calls,5.0
full__upstream_delay__r5,full,upstream_delay,5,3407407722,llm_cache_hits,147.0
full__upstream_delay__r5,full,upstream_delay,5,3407407722,llm_degraded,0.0
full__upstream_delay__r5,full,upstream_delay,5,3407407722,llm_invalid,0.0
full__upstream_delay__r5,full,upstream_delay,5,3407407722,llm_latency_s,4.5000051613897085e-06
full__upstream_delay__r6,full,upstream_delay,6,3552363329,mttr_s,0.192943
full__upstream_delay__r6,full,upstream_delay,6,3552363329,cost_units,832.5000034621432
full__upstream_delay__r6,full,upstream_delay,6,3552363329,manual_interventions,0.0
full__upstream_delay__r6,full,upstream_delay,6,3552363329,llm_tokens,736.0
full__upstream_delay__r6,full,upstream_delay,6,3552363329,freshness_s,0.353793
full__upstream_delay__r6,full,upstream_delay,6,3552363329,decision_correct,1.0
full__upstream_delay__r6,full,upstream_delay,6,3552363329,wall_clock_s,432.0986850000045
full__upstream_delay__r6,full,upstream_delay,6,3552363329,api_tokens,1840.0
full__upstream_delay__r6,full,upstream_delay,6,3552363329,llm_calls,5.0
full__upstream_delay__r6,full,upstream_delay,6,3552363329,llm_cache_hits,147.0
full__upstream_delay__r6,full,upstream_delay,6,3552363329,llm_degraded,0.0
full__upstream_delay__r6,full,upstream_delay,6,3552363329,llm_invalid,0.0
full__upstream_delay__r6,full,upstream_delay,6,3552363329,llm_latency_s,5.374982720240951e-06
full__upstream_delay__r7,full,upstream_delay,7,2339265433,mttr_s,0.15204
full__upstream_delay__r7,full,upstream_delay,7,2339265433,cost_units,832.5000034621432
full__upstream_delay__r7,full,upstream_delay,7,2339265433,manual_interventions,0.0
full__upstream_delay__r7,full,upstream_delay,7,2339265433,llm_tokens,736.0
full__upstream_delay__r7,full,upstream_delay,7,2339265433,freshness_s,0.357985
full__upstream_delay__r7,full,upstream_delay,7,2339265433,decision_correct,1.0
full__upstream_delay__r7,full,upstream_delay,7,2339265433,wall_clock_s,431.2259869579866
full__upstream_delay__r7,full,upstream_delay,7,2339265433,api_tokens,1840.0
full__upstream_delay__r7,full,upstream_delay,7,2339265433,llm_calls,5.0
full__upstream_delay__r7,full,upstream_delay,7,2339265433,llm_cache_hits,147.0
full__upstream_delay__r7,full,upstream_delay,7,2339265433,llm_degraded,0.0
full__upstream_delay__r7,full,upstream_delay,7,2339265433,llm_invalid,0.0
full__upstream_delay__r7,full,upstream_delay,7,2339265433,llm_latency_s,4.91601531393826e-06
full__upstream_delay__r8,full,upstream_delay,8,2069724420,mttr_s,0.331076
full__upstream_delay__r8,full,upstream_delay,8,2069724420,cost_units,845.0000035170979
full__upstream_delay__r8,full,upstream_delay,8,2069724420,manual_interventions,0.0
full__upstream_delay__r8,full,upstream_delay,8,2069724420,llm_tokens,736.0
full__upstream_delay__r8,full,upstream_delay,8,2069724420,freshness_s,0.503044
full__upstream_delay__r8,full,upstream_delay,8,2069724420,decision_correct,1.0
full__upstream_delay__r8,full,upstream_delay,8,2069724420,wall_clock_s,432.8690504579863
full__upstream_delay__r8,full,upstream_delay,8,2069724420,api_tokens,1840.0
full__upstream_delay__r8,full,upstream_delay,8,2069724420,llm_calls,5.0
full__upstream_delay__r8,full,upstream_delay,8,2069724420,llm_cache_hits,147.0
full__upstream_delay__r8,full,upstream_delay,8,2069724420,llm_degraded,0.0
full__upstream_delay__r8,full,upstream_delay,8,2069724420,llm_invalid,0.0
full__upstream_delay__r8,full,upstream_delay,8,2069724420,llm_latency_s,5.792011506855488e-06
full__upstream_delay__r9,full,upstream_delay,9,3094635321,mttr_s,0.227366
full__upstream_delay__r9,full,upstream_delay,9,3094635321,cost_units,832.5000034621432
full__upstream_delay__r9,full,upstream_delay,9,3094635321,manual_interventions,0.0
full__upstream_delay__r9,full,upstream_delay,9,3094635321,llm_tokens,736.0
full__upstream_delay__r9,full,upstream_delay,9,3094635321,freshness_s,0.399575
full__upstream_delay__r9,full,upstream_delay,9,3094635321,decision_correct,1.0
full__upstream_delay__r9,full,upstream_delay,9,3094635321,wall_clock_s,432.64662991600926
full__upstream_delay__r9,full,upstream_delay,9,3094635321,api_tokens,1840.0
full__upstream_delay__r9,full,upstream_delay,9,3094635321,llm_calls,5.0
full__upstream_delay__r9,full,upstream_delay,9,3094635321,llm_cache_hits,147.0
full__upstream_delay__r9,full,upstream_delay,9,3094635321,llm_degraded,0.0
full__upstream_delay__r9,full,upstream_delay,9,3094635321,llm_invalid,0.0
full__upstream_delay__r9,full,upstream_delay,9,3094635321,llm_latency_s,8.25000461190939e-06
full__upstream_delay__r10,full,upstream_delay,10,3649190243,mttr_s,0.123324
full__upstream_delay__r10,full,upstream_delay,10,3649190243,cost_units,832.5000034621432
full__upstream_delay__r10,full,upstream_delay,10,3649190243,manual_interventions,1.0
full__upstream_delay__r10,full,upstream_delay,10,3649190243,llm_tokens,53728.0
full__upstream_delay__r10,full,upstream_delay,10,3649190243,freshness_s,0.293109
full__upstream_delay__r10,full,upstream_delay,10,3649190243,decision_correct,1.0
full__upstream_delay__r10,full,upstream_delay,10,3649190243,wall_clock_s,430.54158937500324
full__upstream_delay__r10,full,upstream_delay,10,3649190243,api_tokens,2944.0
full__upstream_delay__r10,full,upstream_delay,10,3649190243,llm_calls,8.0
full__upstream_delay__r10,full,upstream_delay,10,3649190243,llm_cache_hits,572.0
full__upstream_delay__r10,full,upstream_delay,10,3649190243,llm_degraded,0.0
full__upstream_delay__r10,full,upstream_delay,10,3649190243,llm_invalid,0.0
full__upstream_delay__r10,full,upstream_delay,10,3649190243,llm_latency_s,1.2271004379726946e-05
full__upstream_delay__r11,full,upstream_delay,11,189812514,mttr_s,0.185586
full__upstream_delay__r11,full,upstream_delay,11,189812514,cost_units,832.5000034621432
full__upstream_delay__r11,full,upstream_delay,11,189812514,manual_interventions,1.0
full__upstream_delay__r11,full,upstream_delay,11,189812514,llm_tokens,53728.0
full__upstream_delay__r11,full,upstream_delay,11,189812514,freshness_s,0.342543
full__upstream_delay__r11,full,upstream_delay,11,189812514,decision_correct,1.0
full__upstream_delay__r11,full,upstream_delay,11,189812514,wall_clock_s,429.84009070898173
full__upstream_delay__r11,full,upstream_delay,11,189812514,api_tokens,2944.0
full__upstream_delay__r11,full,upstream_delay,11,189812514,llm_calls,8.0
full__upstream_delay__r11,full,upstream_delay,11,189812514,llm_cache_hits,572.0
full__upstream_delay__r11,full,upstream_delay,11,189812514,llm_degraded,0.0
full__upstream_delay__r11,full,upstream_delay,11,189812514,llm_invalid,0.0
full__upstream_delay__r11,full,upstream_delay,11,189812514,llm_latency_s,7.021008059382439e-06
full__upstream_delay__r12,full,upstream_delay,12,1809224384,mttr_s,0.16014
full__upstream_delay__r12,full,upstream_delay,12,1809224384,cost_units,832.5000034621432
full__upstream_delay__r12,full,upstream_delay,12,1809224384,manual_interventions,0.0
full__upstream_delay__r12,full,upstream_delay,12,1809224384,llm_tokens,736.0
full__upstream_delay__r12,full,upstream_delay,12,1809224384,freshness_s,0.318937
full__upstream_delay__r12,full,upstream_delay,12,1809224384,decision_correct,1.0
full__upstream_delay__r12,full,upstream_delay,12,1809224384,wall_clock_s,431.28409858301166
full__upstream_delay__r12,full,upstream_delay,12,1809224384,api_tokens,1840.0
full__upstream_delay__r12,full,upstream_delay,12,1809224384,llm_calls,5.0
full__upstream_delay__r12,full,upstream_delay,12,1809224384,llm_cache_hits,147.0
full__upstream_delay__r12,full,upstream_delay,12,1809224384,llm_degraded,0.0
full__upstream_delay__r12,full,upstream_delay,12,1809224384,llm_invalid,0.0
full__upstream_delay__r12,full,upstream_delay,12,1809224384,llm_latency_s,4.208995960652828e-06
full__upstream_delay__r13,full,upstream_delay,13,2267716746,mttr_s,0.126628
full__upstream_delay__r13,full,upstream_delay,13,2267716746,cost_units,832.5000034621432
full__upstream_delay__r13,full,upstream_delay,13,2267716746,manual_interventions,0.0
full__upstream_delay__r13,full,upstream_delay,13,2267716746,llm_tokens,736.0
full__upstream_delay__r13,full,upstream_delay,13,2267716746,freshness_s,0.282423
full__upstream_delay__r13,full,upstream_delay,13,2267716746,decision_correct,1.0
full__upstream_delay__r13,full,upstream_delay,13,2267716746,wall_clock_s,432.0501244159823
full__upstream_delay__r13,full,upstream_delay,13,2267716746,api_tokens,1840.0
full__upstream_delay__r13,full,upstream_delay,13,2267716746,llm_calls,5.0
full__upstream_delay__r13,full,upstream_delay,13,2267716746,llm_cache_hits,147.0
full__upstream_delay__r13,full,upstream_delay,13,2267716746,llm_degraded,0.0
full__upstream_delay__r13,full,upstream_delay,13,2267716746,llm_invalid,0.0
full__upstream_delay__r13,full,upstream_delay,13,2267716746,llm_latency_s,3.875000402331352e-06
full__upstream_delay__r14,full,upstream_delay,14,3891126663,mttr_s,0.185791
full__upstream_delay__r14,full,upstream_delay,14,3891126663,cost_units,832.5000034621432
full__upstream_delay__r14,full,upstream_delay,14,3891126663,manual_interventions,1.0
full__upstream_delay__r14,full,upstream_delay,14,3891126663,llm_tokens,53728.0
full__upstream_delay__r14,full,upstream_delay,14,3891126663,freshness_s,0.411529
full__upstream_delay__r14,full,upstream_delay,14,3891126663,decision_correct,1.0
full__upstream_delay__r14,full,upstream_delay,14,3891126663,wall_clock_s,432.3337289580086
full__upstream_delay__r14,full,upstream_delay,14,3891126663,api_tokens,2944.0
full__upstream_delay__r14,full,upstream_delay,14,3891126663,llm_calls,8.0
full__upstream_delay__r14,full,upstream_delay,14,3891126663,llm_cache_hits,572.0
full__upstream_delay__r14,full,upstream_delay,14,3891126663,llm_degraded,0.0
full__upstream_delay__r14,full,upstream_delay,14,3891126663,llm_invalid,0.0
full__upstream_delay__r14,full,upstream_delay,14,3891126663,llm_latency_s,1.0812495020218194e-05
full__upstream_delay__r15,full,upstream_delay,15,283824752,mttr_s,0.193233
full__upstream_delay__r15,full,upstream_delay,15,283824752,cost_units,832.5000034621432
full__upstream_delay__r15,full,upstream_delay,15,283824752,manual_interventions,0.0
full__upstream_delay__r15,full,upstream_delay,15,283824752,llm_tokens,736.0
full__upstream_delay__r15,full,upstream_delay,15,283824752,freshness_s,0.359892
full__upstream_delay__r15,full,upstream_delay,15,283824752,decision_correct,1.0
full__upstream_delay__r15,full,upstream_delay,15,283824752,wall_clock_s,432.0794440419995
full__upstream_delay__r15,full,upstream_delay,15,283824752,api_tokens,1840.0
full__upstream_delay__r15,full,upstream_delay,15,283824752,llm_calls,5.0
full__upstream_delay__r15,full,upstream_delay,15,283824752,llm_cache_hits,147.0
full__upstream_delay__r15,full,upstream_delay,15,283824752,llm_degraded,0.0
full__upstream_delay__r15,full,upstream_delay,15,283824752,llm_invalid,0.0
full__upstream_delay__r15,full,upstream_delay,15,283824752,llm_latency_s,6.291986210271716e-06
full__upstream_delay__r16,full,upstream_delay,16,1287375204,mttr_s,0.175377
full__upstream_delay__r16,full,upstream_delay,16,1287375204,cost_units,832.5000034621432
full__upstream_delay__r16,full,upstream_delay,16,1287375204,manual_interventions,0.0
full__upstream_delay__r16,full,upstream_delay,16,1287375204,llm_tokens,736.0
full__upstream_delay__r16,full,upstream_delay,16,1287375204,freshness_s,0.328119
full__upstream_delay__r16,full,upstream_delay,16,1287375204,decision_correct,1.0
full__upstream_delay__r16,full,upstream_delay,16,1287375204,wall_clock_s,431.5048385410046
full__upstream_delay__r16,full,upstream_delay,16,1287375204,api_tokens,1840.0
full__upstream_delay__r16,full,upstream_delay,16,1287375204,llm_calls,5.0
full__upstream_delay__r16,full,upstream_delay,16,1287375204,llm_cache_hits,147.0
full__upstream_delay__r16,full,upstream_delay,16,1287375204,llm_degraded,0.0
full__upstream_delay__r16,full,upstream_delay,16,1287375204,llm_invalid,0.0
full__upstream_delay__r16,full,upstream_delay,16,1287375204,llm_latency_s,4.62500611320138e-06
full__upstream_delay__r17,full,upstream_delay,17,3309163135,mttr_s,0.132396
full__upstream_delay__r17,full,upstream_delay,17,3309163135,cost_units,832.5000034621432
full__upstream_delay__r17,full,upstream_delay,17,3309163135,manual_interventions,0.0
full__upstream_delay__r17,full,upstream_delay,17,3309163135,llm_tokens,736.0
full__upstream_delay__r17,full,upstream_delay,17,3309163135,freshness_s,0.291156
full__upstream_delay__r17,full,upstream_delay,17,3309163135,decision_correct,1.0
full__upstream_delay__r17,full,upstream_delay,17,3309163135,wall_clock_s,432.52063737498247
full__upstream_delay__r17,full,upstream_delay,17,3309163135,api_tokens,1840.0
full__upstream_delay__r17,full,upstream_delay,17,3309163135,llm_calls,5.0
full__upstream_delay__r17,full,upstream_delay,17,3309163135,llm_cache_hits,147.0
full__upstream_delay__r17,full,upstream_delay,17,3309163135,llm_degraded,0.0
full__upstream_delay__r17,full,upstream_delay,17,3309163135,llm_invalid,0.0
full__upstream_delay__r17,full,upstream_delay,17,3309163135,llm_latency_s,5.0000089686363935e-06
full__upstream_delay__r18,full,upstream_delay,18,480633859,mttr_s,0.215925
full__upstream_delay__r18,full,upstream_delay,18,480633859,cost_units,832.5000034621432
full__upstream_delay__r18,full,upstream_delay,18,480633859,manual_interventions,0.0
full__upstream_delay__r18,full,upstream_delay,18,480633859,llm_tokens,736.0
full__upstream_delay__r18,full,upstream_delay,18,480633859,freshness_s,0.434652
full__upstream_delay__r18,full,upstream_delay,18,480633859,decision_correct,1.0
full__upstream_delay__r18,full,upstream_delay,18,480633859,wall_clock_s,432.5511666669918
full__upstream_delay__r18,full,upstream_delay,18,480633859,api_tokens,1840.0
full__upstream_delay__r18,full,upstream_delay,18,480633859,llm_calls,5.0
full__upstream_delay__r18,full,upstream_delay,18,480633859,llm_cache_hits,147.0
full__upstream_delay__r18,full,upstream_delay,18,480633859,llm_degraded,0.0
full__upstream_delay__r18,full,upstream_delay,18,480633859,llm_invalid,0.0
full__upstream_delay__r18,full,upstream_delay,18,480633859,llm_latency_s,7.541995728388429e-06
full__upstream_delay__r19,full,upstream_delay,19,2010699685,mttr_s,0.27701
full__upstream_delay__r19,full,upstream_delay,19,2010699685,cost_units,832.5000034621432
full__upstream_delay__r19,full,upstream_delay,19,2010699685,manual_interventions,0.0
full__upstream_delay__r19,full,upstream_delay,19,2010699685,llm_tokens,736.0
full__upstream_delay__r19,full,upstream_delay,19,2010699685,freshness_s,0.437614
full__upstream_delay__r19,full,upstream_delay,19,2010699685,decision_correct,1.0
full__upstream_delay__r19,full,upstream_delay,19,2010699685,wall_clock_s,431.69536462498945
full__upstream_delay__r19,full,upstream_delay,19,2010699685,api_tokens,1840.0
full__upstream_delay__r19,full,upstream_delay,19,2010699685,llm_calls,5.0
full__upstream_delay__r19,full,upstream_delay,19,2010699685,llm_cache_hits,147.0
full__upstream_delay__r19,full,upstream_delay,19,2010699685,llm_degraded,0.0
full__upstream_delay__r19,full,upstream_delay,19,2010699685,llm_invalid,0.0
full__upstream_delay__r19,full,upstream_delay,19,2010699685,llm_latency_s,4.208006430417299e-06
full__resource_contention__r0,full,resource_contention,0,3992363867,mttr_s,0.220773
full__resource_contention__r0,full,resource_contention,0,3992363867,cost_units,4782.500020827831
full__resource_contention__r0,full,resource_contention,0,3992363867,manual_interventions,0.0
full__resource_contention__r0,full,resource_contention,0,3992363867,llm_tokens,736.0
full__resource_contention__r0,full,resource_contention,0,3992363867,freshness_s,0.0
full__resource_contention__r0,full,resource_contention,0,3992363867,decision_correct,1.0
full__resource_contention__r0,full,resource_contention,0,3992363867,wall_clock_s,613.549799083994
full__resource_contention__r0,full,resource_contention,0,3992363867,api_tokens,1840.0
full__resource_contention__r0,full,resource_contention,0,3992363867,llm_calls,5.0
full__resource_contention__r0,full,resource_contention,0,3992363867,llm_cache_hits,147.0
full__resource_contention__r0,full,resource_contention,0,3992363867,llm_degraded,0.0
full__resource_contention__r0,full,resource_contention,0,3992363867,llm_invalid,0.0
full__resource_contention__r0,full,resource_contention,0,3992363867,llm_latency_s,4.0409795474261045e-06
full__resource_contention__r1,full,resource_contention,1,1452145001,mttr_s,0.181325
full__resource_contention__r1,full,resource_contention,1,1452145001,cost_units,1282.5000054405098
full__resource_contention__r1,full,resource_contention,1,1452145001,manual_interventions,0.0
full__resource_contention__r1,full,resource_contention,1,1452145001,llm_tokens,736.0
full__resource_contention__r1,full,resource_contention,1,1452145001,freshness_s,0.0
full__resource_contention__r1,full,resource_contention,1,1452145001,decision_correct,1.0
full__resource_contention__r1,full,resource_contention,1,1452145001,wall_clock_s,611.5850073330221
full__resource_contention__r1,full,resource_contention,1,1452145001,api_tokens,1840.0
full__resource_contention__r1,full,resource_contention,1,1452145001,llm_calls,5.0
full__resource_contention__r1,full,resource_contention,1,1452145001,llm_cache_hits,147.0
full__resource_contention__r1,full,resource_contention,1,1452145001,llm_degraded,0.0
full__resource_contention__r1,full,resource_contention,1,1452145001,llm_invalid,0.0
full__resource_contention__r1,full,resource_contention,1,1452145001,llm_latency_s,4.792003892362118e-06
full__resource_contention__r2,full,resource_contention,2,3714550416,mttr_s,0.16699
full__resource_contention__r2,full,resource_contention,2,3714550416,cost_units,1282.5000054405098
full__resource_contention__r2,full,resource_contention,2,3714550416,manual_interventions,0.0
full__resource_contention__r2,full,resource_contention,2,3714550416,llm_tokens,736.0
full__resource_contention__r2,full,resource_contention,2,3714550416,freshness_s,0.0
full__resource_contention__r2,full,resource_contention,2,3714550416,decision_correct,1.0
full__resource_contention__r2,full,resource_contention,2,3714550416,wall_clock_s,612.2772495000099
full__resource_contention__r2,full,resource_contention,2,3714550416,api_tokens,1840.0
full__resource_contention__r2,full,resource_contention,2,3714550416,llm_calls,5.0
full__resource_contention__r2,full,resource_contention,2,3714550416,llm_cache_hits,147.0
full__resource_contention__r2,full,resource_contention,2,3714550416,llm_degraded,0.0
full__resource_contention__r2,full,resource_contention,2,3714550416,llm_invalid,0.0
full__resource_contention__r2,full,resource_contention,2,3714550416,llm_latency_s,4.083995008841157e-06
full__resource_contention__r3,full,resource_contention,3,731998462,mttr_s,0.142422
full__resource_contention__r3,full,resource_contention,3,731998462,cost_units,1282.5000054405098
full__resource_contention__r3,full,resource_contention,3,731998462,manual_interventions,0.0
full__resource_contention__r3,full,resource_contention,3,731998462,llm_tokens,736.0
full__resource_contention__r3,full,resource_contention,3,731998462,freshness_s,0.0
full__resource_contention__r3,full,resource_contention,3,731998462,decision_correct,1.0
full__resource_contention__r3,full,resource_contention,3,731998462,wall_clock_s,612.8506854999869
full__resource_contention__r3,full,resource_contention,3,731998462,api_tokens,1840.0
full__resource_contention__r3,full,resource_contention,3,731998462,llm_calls,5.0
full__resource_contention__r3,full,resource_contention,3,731998462,llm_cache_hits,147.0
full__resource_contention__r3,full,resource_contention,3,731998462,llm_degraded,0.0
full__resource_contention__r3,full,resource_contention,3,731998462,llm_invalid,0.0
full__resource_contention__r3,full,resource_contention,3,731998462,llm_latency_s,5.874986527487636e-06
full__resource_contention__r4,full,resource_contention,4,3478738062,mttr_s,0.216559
full__resource_contention__r4,full,resource_contention,4,3478738062,cost_units,1282.5000054405098
full__resource_contention__r4,full,resource_contention,4,3478738062,manual_interventions,0.0
full__resource_contention__r4,full,resource_contention,4,3478738062,llm_tokens,736.0
full__resource_contention__r4,full,resource_contention,4,3478738062,freshness_s,0.0
full__resource_contention__r4,full,resource_contention,4,3478738062,decision_correct,1.0
full__resource_contention__r4,full,resource_contention,4,3478738062,wall_clock_s,611.4809054170037
full__resource_contention__r4,full,resource_contention,4,3478738062,api_tokens,1840.0
full__resource_contention__r4,full,resource_contention,4,3478738062,llm_calls,5.0
full__resource_contention__r4,full,resource_contention,4,3478738062,llm_cache_hits,147.0
full__resource_contention__r4,full,resource_contention,4,3478738062,llm_degraded,0.0
full__resource_contention__r4,full,resource_contention,4,3478738062,llm_invalid,0.0
full__resource_contention__r4,full,resource_contention,4,3478738062,llm_latency_s,7.417023880407214e-06
full__resource_contention__r5,full,resource_contention,5,3777092791,mttr_s,0.145824
full__resource_contention__r5,full,resource_contention,5,3777092791,cost_units,1282.5000054405098
full__resource_contention__r5,full,resource_contention,5,3777092791,manual_interventions,0.0
full__resource_contention__r5,full,resource_contention,5,3777092791,llm_tokens,736.0
full__resource_contention__r5,full,resource_contention,5,3777092791,freshness_s,0.0
full__resource_contention__r5,full,resource_contention,5,3777092791,decision_correct,1.0
full__resource_contention__r5,full,resource_contention,5,3777092791,wall_clock_s,612.0646989579836
full__resource_contention__r5,full,resource_contention,5,3777092791,api_tokens,1840.0
full__resource_contention__r5,full,resource_contention,5,3777092791,llm_calls,5.0
full__resource_contention__r5,full,resource_contention,5,3777092791,llm_cache_hits,147.0
full__resource_contention__r5,full,resource_contention,5,3777092791,llm_degraded,0.0
full__resource_contention__r5,full,resource_contention,5,3777092791,llm_invalid,0.0
full__resource_contention__r5,full,resource_contention,5,3777092791,llm_latency_s,4.3330073822289705e-06
full__resource_contention__r6,full,resource_contention,6,3438048664,mttr_s,224.7616545
full__resource_contention__r6,full,resource_contention,6,3438048664,cost_units,1282.5000054405098
full__resource_contention__r6,full,resource_contention,6,3438048664,manual_interventions,1.0
full__resource_contention__r6,full,resource_contention,6,3438048664,llm_tokens,53728.0
full__resource_contention__r6,full,resource_contention,6,3438048664,freshness_s,0.0
full__resource_contention__r6,full,resource_contention,6,3438048664,decision_correct,1.0
full__resource_contention__r6,full,resource_contention,6,3438048664,wall_clock_s,613.0673419999948
full__resource_contention__r6,full,resource_contention,6,3438048664,api_tokens,2944.0
full__resource_contention__r6,full,resource_contention,6,3438048664,llm_calls,8.0
full__resource_contention__r6,full,resource_contention,6,3438048664,llm_cache_hits,572.0
full__resource_contention__r6,full,resource_contention,6,3438048664,llm_degraded,0.0
full__resource_contention__r6,full,resource_contention,6,3438048664,llm_invalid,0.0
full__resource_contention__r6,full,resource_contention,6,3438048664,llm_latency_s,1.1750002158805728e-05
full__resource_contention__r7,full,resource_contention,7,2637249239,mttr_s,0.277122
full__resource_contention__r7,full,resource_contention,7,2637249239,cost_units,1282.5000054405098
full__resource_contention__r7,full,resource_contention,7,2637249239,manual_interventions,0.0
full__resource_contention__r7,full,resource_contention,7,2637249239,llm_tokens,736.0
full__resource_contention__r7,full,resource_contention,7,2637249239,freshness_s,0.0
full__resource_contention__r7,full,resource_contention,7,2637249239,decision_correct,1.0
full__resource_contention__r7,full,resource_contention,7,2637249239,wall_clock_s,611.6277260410134
full__resource_contention__r7,full,resource_contention,7,2637249239,api_tokens,1840.0
full__resource_contention__r7,full,resource_contention,7,2637249239,llm_calls,5.0
full__resource_contention__r7,full,resource_contention,7,2637249239,llm_cache_hits,146.0
full__resource_contention__r7,full,resource_contention,7,2637249239,llm_degraded,0.0
full__resource_contention__r7,full,resource_contention,7,2637249239,llm_invalid,0.0
full__resource_contention__r7,full,resource_contention,7,2637249239,llm_latency_s,6.125017534941435e-06
full__resource_contention__r8,full,resource_contention,8,824580922,mttr_s,0.224228
full__resource_contention__r8,full,resource_contention,8,824580922,cost_units,1282.5000054405098
full__resource_contention__r8,full,resource_contention,8,824580922,manual_interventions,0.0
full__resource_contention__r8,full,resource_contention,8,824580922,llm_tokens,736.0
full__resource_contention__r8,full,resource_contention,8,824580922,freshness_s,0.0
full__resource_contention__r8,full,resource_contention,8,824580922,decision_correct,1.0
full__resource_contention__r8,full,resource_contention,8,824580922,wall_clock_s,612.4823632500193
full__resource_contention__r8,full,resource_contention,8,824580922,api_tokens,1840.0
full__resource_contention__r8,full,resource_contention,8,824580922,llm_calls,5.0
full__resource_contention__r8,full,resource_contention,8,824580922,llm_cache_hits,146.0
full__resource_contention__r8,full,resource_contention,8,824580922,llm_degraded,0.0
full__resource_contention__r8,full,resource_contention,8,824580922,llm_invalid,0.0
full__resource_contention__r8,full,resource_contention,8,824580922,llm_latency_s,4.582980182021856e-06
full__resource_contention__r9,full,resource_contention,9,203280887,mttr_s,0.395246
full__resource_contention__r9,full,resource_contention,9,203280887,cost_units,1295.0000054954644
full__resource_contention__r9,full,resource_contention,9,203280887,manual_interventions,0.0
full__resource_contention__r9,full,resource_contention,9,203280887,llm_tokens,736.0
full__resource_contention__r9,full,resource_contention,9,203280887,freshness_s,0.0
full__resource_contention__r9,full,resource_contention,9,203280887,decision_correct,1.0
full__resource_contention__r9,full,resource_contention,9,203280887,wall_clock_s,613.0479637079989
full__resource_contention__r9,full,resource_contention,9,203280887,api_tokens,1840.0
full__resource_contention__r9,full,resource_contention,9,203280887,llm_calls,5.0
full__resource_contention__r9,full,resource_contention,9,203280887,llm_cache_hits,146.0
full__resource_contention__r9,full,resource_contention,9,203280887,llm_degraded,0.0
full__resource_contention__r9,full,resource_contention,9,203280887,llm_invalid,0.0
full__resource_contention__r9,full,resource_contention,9,203280887,llm_latency_s,1.695798709988594e-05
full__resource_contention__r10,full,resource_contention,10,2969733921,mttr_s,0.129889
full__resource_contention__r10,full,resource_contention,10,2969733921,cost_units,1282.5000054405098
full__resource_contention__r10,full,resource_contention,10,2969733921,manual_interventions,0.0
full__resource_contention__r10,full,resource_contention,10,2969733921,llm_tokens,736.0
full__resource_contention__r10,full,resource_contention,10,2969733921,freshness_s,0.0
full__resource_contention__r10,full,resource_contention,10,2969733921,decision_correct,1.0
full__resource_contention__r10,full,resource_contention,10,2969733921,wall_clock_s,611.3113502079796
full__resource_contention__r10,full,resource_contention,10,2969733921,api_tokens,1840.0
full__resource_contention__r10,full,resource_contention,10,2969733921,llm_calls,5.0
full__resource_contention__r10,full,resource_contention,10,2969733921,llm_cache_hits,147.0
full__resource_contention__r10,full,resource_contention,10,2969733921,llm_degraded,0.0
full__resource_contention__r10,full,resource_contention,10,2969733921,llm_invalid,0.0
full__resource_contention__r10,full,resource_contention,10,2969733921,llm_latency_s,4.5409833546727896e-06
full__resource_contention__r11,full,resource_contention,11,1495649759,mttr_s,0.197959
full__resource_contention__r11,full,resource_contention,11,1495649759,cost_units,1282.5000054405098
full__resource_contention__r11,full,resource_contention,11,1495649759,manual_interventions,0.0
full__resource_contention__r11,full,resource_contention,11,1495649759,llm_tokens,736.0
full__resource_contention__r11,full,resource_contention,11,1495649759,freshness_s,0.0
full__resource_contention__r11,full,resource_contention,11,1495649759,decision_correct,1.0
full__resource_contention__r11,full,resource_contention,11,1495649759,wall_clock_s,612.0459195419971
full__resource_contention__r11,full,resource_contention,11,1495649759,api_tokens,1840.0
full__resource_contention__r11,full,resource_contention,11,1495649759,llm_calls,5.0
full__resource_contention__r11,full,resource_contention,11,1495649759,llm_cache_hits,147.0
full__resource_contention__r11,full,resource_contention,11,1495649759,llm_degraded,0.0
full__resource_contention__r11,full,resource_contention,11,1495649759,llm_invalid,0.0
full__resource_contention__r11,full,resource_contention,11,1495649759,llm_latency_s,5.250010872259736e-06
full__resource_contention__r12,full,resource_contention,12,2739995432,mttr_s,0.152845
full__resource_contention__r12,full,resource_contention,12,2739995432,cost_units,1282.5000054405098
full__resource_contention__r12,full,resource_contention,12,2739995432,manual_interventions,0.0
full__resource_contention__r12,full,resource_contention,12,2739995432,llm_tokens,736.0
full__resource_contention__r12,full,resource_contention,12,2739995432,freshness_s,0.0
full__resource_contention__r12,full,resource_contention,12,2739995432,decision_correct,1.0
full__resource_contention__r12,full,resource_contention,12,2739995432,wall_clock_s,611.7969871250098
full__resource_contention__r12,full,resource_contention,12,2739995432,api_tokens,1840.0
full__resource_contention__r12,full,resource_contention,12,2739995432,llm_calls,5.0
full__resource_contention__r12,full,resource_contention,12,2739995432,llm_cache_hits,146.0
full__resource_contention__r12,full,resource_contention,12,2739995432,llm_degraded,0.0
full__resource_contention__r12,full,resource_contention,12,2739995432,llm_invalid,0.0
full__resource_contention__r12,full,resource_contention,12,2739995432,llm_latency_s,4.5000051613897085e-06
full__resource_contention__r13,full,resource_contention,13,2078059525,mttr_s,0.318341
full__resource_contention__r13,full,resource_contention,13,2078059525,cost_units,1295.0000054954644
full__resource_contention__r13,full,resource_contention,13,2078059525,manual_interventions,0.0
full__resource_contention__r13,full,resource_contention,13,2078059525,llm_tokens,736.0
full__resource_contention__r13,full,resource_contention,13,2078059525,freshness_s,0.0
full__resource_contention__r13,full,resource_contention,13,2078059525,decision_correct,1.0
full__resource_contention__r13,full,resource_contention,13,2078059525,wall_clock_s,613.4262927079981
full__resource_contention__r13,full,resource_contention,13,2078059525,api_tokens,1840.0
full__resource_contention__r13,full,resource_contention,13,2078059525,llm_calls,5.0
full__resource_contention__r13,full,resource_contention,13,2078059525,llm_cache_hits,147.0
full__resource_contention__r13,full,resource_contention,13,2078059525,llm_degraded,0.0
full__resource_contention__r13,full,resource_contention,13,2078059525,llm_invalid,0.0
full__resource_contention__r13,full,resource_contention,13,2078059525,llm_latency_s,8.792005246505141e-06
full__resource_contention__r14,full,resource_contention,14,2972152888,mttr_s,0.270172
full__resource_contention__r14,full,resource_contention,14,2972152888,cost_units,1282.5000054405098
full__resource_contention__r14,full,resource_contention,14,2972152888,manual_interventions,0.0
full__resource_contention__r14,full,resource_contention,14,2972152888,llm_tokens,736.0
full__resource_contention__r14,full,resource_contention,14,2972152888,freshness_s,0.0
full__resource_contention__r14,full,resource_contention,14,2972152888,decision_correct,1.0
full__resource_contention__r14,full,resource_contention,14,2972152888,wall_clock_s,610.8999155840138
full__resource_contention__r14,full,resource_contention,14,2972152888,api_tokens,1840.0
full__resource_contention__r14,full,resource_contention,14,2972152888,llm_calls,5.0
full__resource_contention__r14,full,resource_contention,14,2972152888,llm_cache_hits,146.0
full__resource_contention__r14,full,resource_contention,14,2972152888,llm_degraded,0.0
full__resource_contention__r14,full,resource_contention,14,2972152888,llm_invalid,0.0
full__resource_contention__r14,full,resource_contention,14,2972152888,llm_latency_s,7.209018804132938e-06
full__resource_contention__r15,full,resource_contention,15,3697269824,mttr_s,0.245612
full__resource_contention__r15,full,resource_contention,15,3697269824,cost_units,1295.0000054954644
full__resource_contention__r15,full,resource_contention,15,3697269824,manual_interventions,0.0
full__resource_contention__r15,full,resource_contention,15,3697269824,llm_tokens,736.0
full__resource_contention__r15,full,resource_contention,15,3697269824,freshness_s,0.0
full__resource_contention__r15,full,resource_contention,15,3697269824,decision_correct,1.0
full__resource_contention__r15,full,resource_contention,15,3697269824,wall_clock_s,613.1301289580006
full__resource_contention__r15,full,resource_contention,15,3697269824,api_tokens,1840.0
full__resource_contention__r15,full,resource_contention,15,3697269824,llm_calls,5.0
full__resource_contention__r15,full,resource_contention,15,3697269824,llm_cache_hits,147.0
full__resource_contention__r15,full,resource_contention,15,3697269824,llm_degraded,0.0
full__resource_contention__r15,full,resource_contention,15,3697269824,llm_invalid,0.0
full__resource_contention__r15,full,resource_contention,15,3697269824,llm_latency_s,4.8330111894756556e-06
full__resource_contention__r16,full,resource_contention,16,1747398091,mttr_s,0.14313
full__resource_contention__r16,full,resource_contention,16,1747398091,cost_units,1282.5000054405098
full__resource_contention__r16,full,resource_contention,16,1747398091,manual_interventions,0.0
full__resource_contention__r16,full,resource_contention,16,1747398091,llm_tokens,736.0
full__resource_contention__r16,full,resource_contention,16,1747398091,freshness_s,0.0
full__resource_contention__r16,full,resource_contention,16,1747398091,decision_correct,1.0
full__resource_contention__r16,full,resource_contention,16,1747398091,wall_clock_s,612.5671465419873
full__resource_contention__r16,full,resource_contention,16,1747398091,api_tokens,1840.0
full__resource_contention__r16,full,resource_contention,16,1747398091,llm_calls,5.0
full__resource_contention__r16,full,resource_contention,16,1747398091,llm_cache_hits,147.0
full__resource_contention__r16,full,resource_contention,16,1747398091,llm_degraded,0.0
full__resource_contention__r16,full,resource_contention,16,1747398091,llm_invalid,0.0
full__resource_contention__r16,full,resource_contention,16,1747398091,llm_latency_s,4.875008016824722e-06
full__resource_contention__r17,full,resource_contention,17,849348397,mttr_s,0.175373
full__resource_contention__r17,full,resource_contention,17,849348397,cost_units,1282.5000054405098
full__resource_contention__r17,full,resource_contention,17,849348397,manual_interventions,0.0
full__resource_contention__r17,full,resource_contention,17,849348397,llm_tokens,736.0
full__resource_contention__r17,full,resource_contention,17,849348397,freshness_s,0.0
full__resource_contention__r17,full,resource_contention,17,849348397,decision_correct,1.0
full__resource_contention__r17,full,resource_contention,17,849348397,wall_clock_s,612.4695873339952
full__resource_contention__r17,full,resource_contention,17,849348397,api_tokens,1840.0
full__resource_contention__r17,full,resource_contention,17,849348397,llm_calls,5.0
full__resource_contention__r17,full,resource_contention,17,849348397,llm_cache_hits,147.0
full__resource_contention__r17,full,resource_contention,17,849348397,llm_degraded,0.0
full__resource_contention__r17,full,resource_contention,17,849348397,llm_invalid,0.0
full__resource_contention__r17,full,resource_contention,17,849348397,llm_latency_s,5.833018803969026e-06
full__resource_contention__r18,full,resource_contention,18,1258215653,mttr_s,0.124869
full__resource_contention__r18,full,resource_contention,18,1258215653,cost_units,1282.5000054405098
full__resource_contention__r18,full,resource_contention,18,1258215653,manual_interventions,0.0
full__resource_contention__r18,full,resource_contention,18,1258215653,llm_tokens,736.0
full__resource_contention__r18,full,resource_contention,18,1258215653,freshness_s,0.0
full__resource_contention__r18,full,resource_contention,18,1258215653,decision_correct,1.0
full__resource_contention__r18,full,resource_contention,18,1258215653,wall_clock_s,612.2015718329931
full__resource_contention__r18,full,resource_contention,18,1258215653,api_tokens,1840.0
full__resource_contention__r18,full,resource_contention,18,1258215653,llm_calls,5.0
full__resource_contention__r18,full,resource_contention,18,1258215653,llm_cache_hits,147.0
full__resource_contention__r18,full,resource_contention,18,1258215653,llm_degraded,0.0
full__resource_contention__r18,full,resource_contention,18,1258215653,llm_invalid,0.0
full__resource_contention__r18,full,resource_contention,18,1258215653,llm_latency_s,4.458008334040642e-06
full__resource_contention__r19,full,resource_contention,19,3695208193,mttr_s,0.142572
full__resource_contention__r19,full,resource_contention,19,3695208193,cost_units,1282.5000054405098
full__resource_contention__r19,full,resource_contention,19,3695208193,manual_interventions,0.0
full__resource_contention__r19,full,resource_contention,19,3695208193,llm_tokens,736.0
full__resource_contention__r19,full,resource_contention,19,3695208193,freshness_s,0.0
full__resource_contention__r19,full,resource_contention,19,3695208193,decision_correct,1.0
full__resource_contention__r19,full,resource_contention,19,3695208193,wall_clock_s,612.4191077919968
full__resource_contention__r19,full,resource_contention,19,3695208193,api_tokens,1840.0
full__resource_contention__r19,full,resource_contention,19,3695208193,llm_calls,5.0
full__resource_contention__r19,full,resource_contention,19,3695208193,llm_cache_hits,147.0
full__resource_contention__r19,full,resource_contention,19,3695208193,llm_degraded,0.0
full__resource_contention__r19,full,resource_contention,19,3695208193,llm_invalid,0.0
full__resource_contention__r19,full,resource_contention,19,3695208193,llm_latency_s,4.958012141287327e-06
full__ingress_burst__r0,full,ingress_burst,0,2841142916,mttr_s,178.5281165
full__ingress_burst__r0,full,ingress_burst,0,2841142916,cost_units,821.3369658621432
full__ingress_burst__r0,full,ingress_burst,0,2841142916,manual_interventions,1.0
full__ingress_burst__r0,full,ingress_burst,0,2841142916,llm_tokens,54096.0
full__ingress_burst__r0,full,ingress_burst,0,2841142916,freshness_s,0.311771
full__ingress_burst__r0,full,ingress_burst,0,2841142916,decision_correct,1.0
full__ingress_burst__r0,full,ingress_burst,0,2841142916,wall_clock_s,432.31102900000405
full__ingress_burst__r0,full,ingress_burst,0,2841142916,api_tokens,2944.0
full__ingress_burst__r0,full,ingress_burst,0,2841142916,llm_calls,8.0
full__ingress_burst__r0,full,ingress_burst,0,2841142916,llm_cache_hits,576.0
full__ingress_burst__r0,full,ingress_burst,0,2841142916,llm_degraded,0.0
full__ingress_burst__r0,full,ingress_burst,0,2841142916,llm_invalid,0.0
full__ingress_burst__r0,full,ingress_burst,0,2841142916,llm_latency_s,8.603514288552105e-06
full__ingress_burst__r1,full,ingress_burst,1,2812573825,mttr_s,0.021538
full__ingress_burst__r1,full,ingress_burst,1,2812573825,cost_units,139.5000034621441
full__ingress_burst__r1,full,ingress_burst,1,2812573825,manual_interventions,0.0
full__ingress_burst__r1,full,ingress_burst,1,2812573825,llm_tokens,736.0
full__ingress_burst__r1,full,ingress_burst,1,2812573825,freshness_s,0.209319
full__ingress_burst__r1,full,ingress_burst,1,2812573825,decision_correct,1.0
full__ingress_burst__r1,full,ingress_burst,1,2812573825,wall_clock_s,431.3029825830017
full__ingress_burst__r1,full,ingress_burst,1,2812573825,api_tokens,1840.0
full__ingress_burst__r1,full,ingress_burst,1,2812573825,llm_calls,5.0
full__ingress_burst__r1,full,ingress_burst,1,2812573825,llm_cache_hits,147.0
full__ingress_burst__r1,full,ingress_burst,1,2812573825,llm_degraded,0.0
full__ingress_burst__r1,full,ingress_burst,1,2812573825,llm_invalid,0.0
full__ingress_burst__r1,full,ingress_burst,1,2812573825,llm_latency_s,4.208006430417299e-06
full__ingress_burst__r2,full,ingress_burst,2,3360436437,mttr_s,0.021645
full__ingress_burst__r2,full,ingress_burst,2,3360436437,cost_units,139.5000034621441
full__ingress_burst__r2,full,ingress_burst,2,3360436437,manual_interventions,0.0
full__ingress_burst__r2,full,ingress_burst,2,3360436437,llm_tokens,736.0
full__ingress_burst__r2,full,ingress_burst,2,3360436437,freshness_s,0.198483
full__ingress_burst__r2,full,ingress_burst,2,3360436437,decision_correct,1.0
full__ingress_burst__r2,full,ingress_burst,2,3360436437,wall_clock_s,431.9993767910055
full__ingress_burst__r2,full,ingress_burst,2,3360436437,api_tokens,1840.0
full__ingress_burst__r2,full,ingress_burst,2,3360436437,llm_calls,5.0
full__ingress_burst__r2,full,ingress_burst,2,3360436437,llm_cache_hits,147.0
full__ingress_burst__r2,full,ingress_burst,2,3360436437,llm_degraded,0.0
full__ingress_burst__r2,full,ingress_burst,2,3360436437,llm_invalid,0.0
full__ingress_burst__r2,full,ingress_burst,2,3360436437,llm_latency_s,4.6670029405504465e-06
full__ingress_burst__r3,full,ingress_burst,3,355053593,mttr_s,0.026262
full__ingress_burst__r3,full,ingress_burst,3,355053593,cost_units,141.00000351709878
full__ingress_burst__r3,full,ingress_burst,3,355053593,manual_interventions,0.0
full__ingress_burst__r3,full,ingress_burst,3,355053593,llm_tokens,736.0
full__ingress_burst__r3,full,ingress_burst,3,355053593,freshness_s,0.321243
full__ingress_burst__r3,full,ingress_burst,3,355053593,decision_correct,1.0
full__ingress_burst__r3,full,ingress_burst,3,355053593,wall_clock_s,433.29635150000104
full__ingress_burst__r3,full,ingress_burst,3,355053593,api_tokens,1840.0
full__ingress_burst__r3,full,ingress_burst,3,355053593,llm_calls,5.0
full__ingress_burst__r3,full,ingress_burst,3,355053593,llm_cache_hits,147.0
full__ingress_burst__r3,full,ingress_burst,3,355053593,llm_degraded,0.0
full__ingress_burst__r3,full,ingress_burst,3,355053593,llm_invalid,0.0
full__ingress_burst__r3,full,ingress_burst,3,355053593,llm_latency_s,6.082991603761911e-06
full__ingress_burst__r4,full,ingress_burst,4,3769802525,mttr_s,0.025159
full__ingress_burst__r4,full,ingress_burst,4,3769802525,cost_units,139.5000034621441
full__ingress_burst__r4,full,ingress_burst,4,3769802525,manual_interventions,0.0
full__ingress_burst__r4,full,ingress_burst,4,3769802525,llm_tokens,736.0
full__ingress_burst__r4,full,ingress_burst,4,3769802525,freshness_s,0.264021
full__ingress_burst__r4,full,ingress_burst,4,3769802525,decision_correct,1.0
full__ingress_burst__r4,full,ingress_burst,4,3769802525,wall_clock_s,431.98761216699495
full__ingress_burst__r4,full,ingress_burst,4,3769802525,api_tokens,1840.0
full__ingress_burst__r4,full,ingress_burst,4,3769802525,llm_calls,5.0
full__ingress_burst__r4,full,ingress_burst,4,3769802525,llm_cache_hits,147.0
full__ingress_burst__r4,full,ingress_burst,4,3769802525,llm_degraded,0.0
full__ingress_burst__r4,full,ingress_burst,4,3769802525,llm_invalid,0.0
full__ingress_burst__r4,full,ingress_burst,4,3769802525,llm_latency_s,8.167000487446785e-06
full__ingress_burst__r5,full,ingress_burst,5,3639376049,mttr_s,0.023701
full__ingress_burst__r5,full,ingress_burst,5,3639376049,cost_units,139.5000034621441
full__ingress_burst__r5,full,ingress_burst,5,3639376049,manual_interventions,0.0
full__ingress_burst__r5,full,ingress_burst,5,3639376049,llm_tokens,736.0
full__ingress_burst__r5,full,ingress_burst,5,3639376049,freshness_s,0.269805
full__ingress_burst__r5,full,ingress_burst,5,3639376049,decision_correct,1.0
full__ingress_burst__r5,full,ingress_burst,5,3639376049,wall_clock_s,432.5335573339835
full__ingress_burst__r5,full,ingress_burst,5,3639376049,api_tokens,1840.0
full__ingress_burst__r5,full,ingress_burst,5,3639376049,llm_calls,5.0
full__ingress_burst__r5,full,ingress_burst,5,3639376049,llm_cache_hits,147.0
full__ingress_burst__r5,full,ingress_burst,5,3639376049,llm_degraded,0.0
full__ingress_burst__r5,full,ingress_burst,5,3639376049,llm_invalid,0.0
full__ingress_burst__r5,full,ingress_burst,5,3639376049,llm_latency_s,7.124996045604348e-06
full__ingress_burst__r6,full,ingress_burst,6,3625886933,mttr_s,284.698928
full__ingress_burst__r6,full,ingress_burst,6,3625886933,cost_units,139.5000034621441
full__ingress_burst__r6,full,ingress_burst,6,3625886933,manual_interventions,1.0
full__ingress_burst__r6,full,ingress_burst,6,3625886933,llm_tokens,53728.0
full__ingress_burst__r6,full,ingress_burst,6,3625886933,freshness_s,0.275855
full__ingress_burst__r6,full,ingress_burst,6,3625886933,decision_correct,1.0
full__ingress_burst__r6,full,ingress_burst,6,3625886933,wall_clock_s,432.53306195899495
full__ingress_burst__r6,full,ingress_burst,6,3625886933,api_tokens,2944.0
full__ingress_burst__r6,full,ingress_burst,6,3625886933,llm_calls,8.0
full__ingress_burst__r6,full,ingress_burst,6,3625886933,llm_cache_hits,572.0
full__ingress_burst__r6,full,ingress_burst,6,3625886933,llm_degraded,0.0
full__ingress_burst__r6,full,ingress_burst,6,3625886933,llm_invalid,0.0
full__ingress_burst__r6,full,ingress_burst,6,3625886933,llm_latency_s,2.0395484170876443e-05
full__ingress_burst__r7,full,ingress_burst,7,4217511450,mttr_s,0.024666
full__ingress_burst__r7,full,ingress_burst,7,4217511450,cost_units,139.5000034621441
full__ingress_burst__r7,full,ingress_burst,7,4217511450,manual_interventions,0.0
full__ingress_burst__r7,full,ingress_burst,7,4217511450,llm_tokens,736.0
full__ingress_burst__r7,full,ingress_burst,7,4217511450,freshness_s,0.249383
full__ingress_burst__r7,full,ingress_burst,7,4217511450,decision_correct,1.0
full__ingress_burst__r7,full,ingress_burst,7,4217511450,wall_clock_s,430.8285818329896
full__ingress_burst__r7,full,ingress_burst,7,4217511450,api_tokens,1840.0
full__ingress_burst__r7,full,ingress_burst,7,4217511450,llm_calls,5.0
full__ingress_burst__r7,full,ingress_burst,7,4217511450,llm_cache_hits,147.0
full__ingress_burst__r7,full,ingress_burst,7,4217511450,llm_degraded,0.0
full__ingress_burst__r7,full,ingress_burst,7,4217511450,llm_invalid,0.0
full__ingress_burst__r7,full,ingress_burst,7,4217511450,llm_latency_s,4.791014362126589e-06
full__ingress_burst__r8,full,ingress_burst,8,4124577865,mttr_s,0.021809
full__ingress_burst__r8,full,ingress_burst,8,4124577865,cost_units,139.5000034621441
full__ingress_burst__r8,full,ingress_burst,8,4124577865,manual_interventions,0.0
full__ingress_burst__r8,full,ingress_burst,8,4124577865,llm_tokens,736.0
full__ingress_burst__r8,full,ingress_burst,8,4124577865,freshness_s,0.160272
full__ingress_burst__r8,full,ingress_burst,8,4124577865,decision_correct,1.0
full__ingress_burst__r8,full,ingress_burst,8,4124577865,wall_clock_s,431.3844394579937
full__ingress_burst__r8,full,ingress_burst,8,4124577865,api_tokens,1840.0
full__ingress_burst__r8,full,ingress_burst,8,4124577865,llm_calls,5.0
full__ingress_burst__r8,full,ingress_burst,8,4124577865,llm_cache_hits,147.0
full__ingress_burst__r8,full,ingress_burst,8,4124577865,llm_degraded,0.0
full__ingress_burst__r8,full,ingress_burst,8,4124577865,llm_invalid,0.0
full__ingress_burst__r8,full,ingress_burst,8,4124577865,llm_latency_s,3.916997229680419e-06
full__ingress_burst__r9,full,ingress_burst,9,4154675606,mttr_s,0.021993
full__ingress_burst__r9,full,ingress_burst,9,4154675606,cost_units,139.5000034621441
full__ingress_burst__r9,full,ingress_burst,9,4154675606,manual_interventions,0.0
full__ingress_burst__r9,full,ingress_burst,9,4154675606,llm_tokens,736.0
full__ingress_burst__r9,full,ingress_burst,9,4154675606,freshness_s,0.254187
full__ingress_burst__r9,full,ingress_burst,9,4154675606,decision_correct,1.0
full__ingress_burst__r9,full,ingress_burst,9,4154675606,wall_clock_s,432.36685091699474
full__ingress_burst__r9,full,ingress_burst,9,4154675606,api_tokens,1840.0
full__ingress_burst__r9,full,ingress_burst,9,4154675606,llm_calls,5.0
full__ingress_burst__r9,full,ingress_burst,9,4154675606,llm_cache_hits,147.0
full__ingress_burst__r9,full,ingress_burst,9,4154675606,llm_degraded,0.0
full__ingress_burst__r9,full,ingress_burst,9,4154675606,llm_invalid,0.0
full__ingress_burst__r9,full,ingress_burst,9,4154675606,llm_latency_s,4.875008016824722e-06
full__ingress_burst__r10,full,ingress_burst,10,2860969284,mttr_s,0.023633
full__ingress_burst__r10,full,ingress_burst,10,2860969284,cost_units,139.5000034621441
full__ingress_burst__r10,full,ingress_burst,10,2860969284,manual_interventions,0.0
full__ingress_burst__r10,full,ingress_burst,10,2860969284,llm_tokens,736.0
full__ingress_burst__r10,full,ingress_burst,10,2860969284,freshness_s,0.193957
full__ingress_burst__r10,full,ingress_burst,10,2860969284,decision_correct,1.0
full__ingress_burst__r10,full,ingress_burst,10,2860969284,wall_clock_s,431.9862490420055
full__ingress_burst__r10,full,ingress_burst,10,2860969284,api_tokens,1840.0
full__ingress_burst__r10,full,ingress_burst,10,2860969284,llm_calls,5.0
full__ingress_burst__r10,full,ingress_burst,10,2860969284,llm_cache_hits,147.0
full__ingress_burst__r10,full,ingress_burst,10,2860969284,llm_degraded,0.0
full__ingress_burst__r10,full,ingress_burst,10,2860969284,llm_invalid,0.0
full__ingress_burst__r10,full,ingress_burst,10,2860969284,llm_latency_s,5.084002623334527e-06
full__ingress_burst__r11,full,ingress_burst,11,3356960113,mttr_s,0.02096
full__ingress_burst__r11,full,ingress_burst,11,3356960113,cost_units,139.5000034621441
full__ingress_burst__r11,full,ingress_burst,11,3356960113,manual_interventions,0.0
full__ingress_burst__r11,full,ingress_burst,11,3356960113,llm_tokens,736.0
full__ingress_burst__r11,full,ingress_burst,11,3356960113,freshness_s,0.181772
full__ingress_burst__r11,full,ingress_burst,11,3356960113,decision_correct,1.0
full__ingress_burst__r11,full,ingress_burst,11,3356960113,wall_clock_s,431.36547945899656
full__ingress_burst__r11,full,ingress_burst,11,3356960113,api_tokens,1840.0
full__ingress_burst__r11,full,ingress_burst,11,3356960113,llm_calls,5.0
full__ingress_burst__r11,full,ingress_burst,11,3356960113,llm_cache_hits,147.0
full__ingress_burst__r11,full,ingress_burst,11,3356960113,llm_degraded,0.0
full__ingress_burst__r11,full,ingress_burst,11,3356960113,llm_invalid,0.0
full__ingress_burst__r11,full,ingress_burst,11,3356960113,llm_latency_s,4.1660096030682325e-06
full__ingress_burst__r12,full,ingress_burst,12,3991511650,mttr_s,0.023917
full__ingress_burst__r12,full,ingress_burst,12,3991511650,cost_units,139.5000034621441
full__ingress_burst__r12,full,ingress_burst,12,3991511650,manual_interventions,0.0
full__ingress_burst__r12,full,ingress_burst,12,3991511650,llm_tokens,736.0
full__ingress_burst__r12,full,ingress_burst,12,3991511650,freshness_s,0.17139
full__ingress_burst__r12,full,ingress_burst,12,3991511650,decision_correct,1.0
full__ingress_burst__r12,full,ingress_burst,12,3991511650,wall_clock_s,431.5119600840262
full__ingress_burst__r12,full,ingress_burst,12,3991511650,api_tokens,1840.0
full__ingress_burst__r12,full,ingress_burst,12,3991511650,llm_calls,5.0
full__ingress_burst__r12,full,ingress_burst,12,3991511650,llm_cache_hits,147.0
full__ingress_burst__r12,full,ingress_burst,12,3991511650,llm_degraded,0.0
full__ingress_burst__r12,full,ingress_burst,12,3991511650,llm_invalid,0.0
full__ingress_burst__r12,full,ingress_burst,12,3991511650,llm_latency_s,5.750014679506421e-06
full__ingress_burst__r13,full,ingress_burst,13,3521703153,mttr_s,0.023719
full__ingress_burst__r13,full,ingress_burst,13,3521703153,cost_units,139.5000034621441
full__ingress_burst__r13,full,ingress_burst,13,3521703153,manual_interventions,0.0
full__ingress_burst__r13,full,ingress_burst,13,3521703153,llm_tokens,736.0
full__ingress_burst__r13,full,ingress_burst,13,3521703153,freshness_s,0.247701
full__ingress_burst__r13,full,ingress_burst,13,3521703153,decision_correct,1.0
full__ingress_burst__r13,full,ingress_burst,13,3521703153,wall_clock_s,431.81412770799943
full__ingress_burst__r13,full,ingress_burst,13,3521703153,api_tokens,1840.0
full__ingress_burst__r13,full,ingress_burst,13,3521703153,llm_calls,5.0
full__ingress_burst__r13,full,ingress_burst,13,3521703153,llm_cache_hits,147.0
full__ingress_burst__r13,full,ingress_burst,13,3521703153,llm_degraded,0.0
full__ingress_burst__r13,full,ingress_burst,13,3521703153,llm_invalid,0.0
full__ingress_burst__r13,full,ingress_burst,13,3521703153,llm_latency_s,5.166977643966675e-06
full__ingress_burst__r14,full,ingress_burst,14,3270584187,mttr_s,0.023988
full__ingress_burst__r14,full,ingress_burst,14,3270584187,cost_units,139.5000034621441
full__ingress_burst__r14,full,ingress_burst,14,3270584187,manual_interventions,0.0
full__ingress_burst__r14,full,ingress_burst,14,3270584187,llm_tokens,736.0
full__ingress_burst__r14,full,ingress_burst,14,3270584187,freshness_s,0.237307
full__ingress_burst__r14,full,ingress_burst,14,3270584187,decision_correct,1.0
full__ingress_burst__r14,full,ingress_burst,14,3270584187,wall_clock_s,431.8890188340156
full__ingress_burst__r14,full,ingress_burst,14,3270584187,api_tokens,1840.0
full__ingress_burst__r14,full,ingress_burst,14,3270584187,llm_calls,5.0
full__ingress_burst__r14,full,ingress_burst,14,3270584187,llm_cache_hits,147.0
full__ingress_burst__r14,full,ingress_burst,14,3270584187,llm_degraded,0.0
full__ingress_burst__r14,full,ingress_burst,14,3270584187,llm_invalid,0.0
full__ingress_burst__r14,full,ingress_burst,14,3270584187,llm_latency_s,6.000016583129764e-06
full__ingress_burst__r15,full,ingress_burst,15,3385228634,mttr_s,0.022715
full__ingress_burst__r15,full,ingress_burst,15,3385228634,cost_units,139.5000034621441
full__ingress_burst__r15,full,ingress_burst,15,3385228634,manual_interventions,0.0
full__ingress_burst__r15,full,ingress_burst,15,3385228634,llm_tokens,736.0
full__ingress_burst__r15,full,ingress_burst,15,3385228634,freshness_s,0.259161
full__ingress_burst__r15,full,ingress_burst,15,3385228634,decision_correct,1.0
full__ingress_burst__r15,full,ingress_burst,15,3385228634,wall_clock_s,431.7661106660089
full__ingress_burst__r15,full,ingress_burst,15,3385228634,api_tokens,1840.0
full__ingress_burst__r15,full,ingress_burst,15,3385228634,llm_calls,5.0
full__ingress_burst__r15,full,ingress_burst,15,3385228634,llm_cache_hits,147.0
full__ingress_burst__r15,full,ingress_burst,15,3385228634,llm_degraded,0.0
full__ingress_burst__r15,full,ingress_burst,15,3385228634,llm_invalid,0.0
full__ingress_burst__r15,full,ingress_burst,15,3385228634,llm_latency_s,5.792011506855488e-06
full__ingress_burst__r16,full,ingress_burst,16,565391875,mttr_s,0.021781
full__ingress_burst__r16,full,ingress_burst,16,565391875,cost_units,139.5000034621441
full__ingress_burst__r16,full,ingress_burst,16,565391875,manual_interventions,0.0
full__ingress_burst__r16,full,ingress_burst,16,565391875,llm_tokens,736.0
full__ingress_burst__r16,full,ingress_burst,16,565391875,freshness_s,0.185642
full__ingress_burst__r16,full,ingress_burst,16,565391875,decision_correct,1.0
full__ingress_burst__r16,full,ingress_burst,16,565391875,wall_clock_s,430.093867040996
full__ingress_burst__r16,full,ingress_burst,16,565391875,api_tokens,1840.0
full__ingress_burst__r16,full,ingress_burst,16,565391875,llm_calls,5.0
full__ingress_burst__r16,full,ingress_burst,16,565391875,llm_cache_hits,147.0
full__ingress_burst__r16,full,ingress_burst,16,565391875,llm_degraded,0.0
full__ingress_burst__r16,full,ingress_burst,16,565391875,llm_invalid,0.0
full__ingress_burst__r16,full,ingress_burst,16,565391875,llm_latency_s,4.292000085115433e-06
full__ingress_burst__r17,full,ingress_burst,17,451111087,mttr_s,0.020849
full__ingress_burst__r17,full,ingress_burst,17,451111087,cost_units,139.5000034621441
full__ingress_burst__r17,full,ingress_burst,17,451111087,manual_interventions,0.0
full__ingress_burst__r17,full,ingress_burst,17,451111087,llm_tokens,736.0
full__ingress_burst__r17,full,ingress_burst,17,451111087,freshness_s,0.163459
full__ingress_burst__r17,full,ingress_burst,17,451111087,decision_correct,1.0
full__ingress_burst__r17,full,ingress_burst,17,451111087,wall_clock_s,431.44858141601435
full__ingress_burst__r17,full,ingress_burst,17,451111087,api_tokens,1840.0
full__ingress_burst__r17,full,ingress_burst,17,451111087,llm_calls,5.0
full__ingress_burst__r17,full,ingress_burst,17,451111087,llm_cache_hits,147.0
full__ingress_burst__r17,full,ingress_burst,17,451111087,llm_degraded,0.0
full__ingress_burst__r17,full,ingress_burst,17,451111087,llm_invalid,0.0
full__ingress_burst__r17,full,ingress_burst,17,451111087,llm_latency_s,4.8749789129942656e-06
full__ingress_burst__r18,full,ingress_burst,18,1706415142,mttr_s,0.024118
full__ingress_burst__r18,full,ingress_burst,18,1706415142,cost_units,139.5000034621441
full__ingress_burst__r18,full,ingress_burst,18,1706415142,manual_interventions,0.0
full__ingress_burst__r18,full,ingress_burst,18,1706415142,llm_tokens,736.0
full__ingress_burst__r18,full,ingress_burst,18,1706415142,freshness_s,0.251502
full__ingress_burst__r18,full,ingress_burst,18,1706415142,decision_correct,1.0
full__ingress_burst__r18,full,ingress_burst,18,1706415142,wall_clock_s,432.15551754197804
full__ingress_burst__r18,full,ingress_burst,18,1706415142,api_tokens,1840.0
full__ingress_burst__r18,full,ingress_burst,18,1706415142,llm_calls,5.0
full__ingress_burst__r18,full,ingress_burst,18,1706415142,llm_cache_hits,147.0
full__ingress_burst__r18,full,ingress_burst,18,1706415142,llm_degraded,0.0
full__ingress_burst__r18,full,ingress_burst,18,1706415142,llm_invalid,0.0
full__ingress_burst__r18,full,ingress_burst,18,1706415142,llm_latency_s,4.875008016824722e-06
full__ingress_burst__r19,full,ingress_burst,19,4068805147,mttr_s,0.038338
full__ingress_burst__r19,full,ingress_burst,19,4068805147,cost_units,139.5000034621441
full__ingress_burst__r19,full,ingress_burst,19,4068805147,manual_interventions,0.0
full__ingress_burst__r19,full,ingress_burst,19,4068805147,llm_tokens,736.0
full__ingress_burst__r19,full,ingress_burst,19,4068805147,freshness_s,0.225117
full__ingress_burst__r19,full,ingress_burst,19,4068805147,decision_correct,1.0
full__ingress_burst__r19,full,ingress_burst,19,4068805147,wall_clock_s,432.1562574999989
full__ingress_burst__r19,full,ingress_burst,19,4068805147,api_tokens,1840.0
full__ingress_burst__r19,full,ingress_burst,19,4068805147,llm_calls,5.0
full__ingress_burst__r19,full,ingress_burst,19,4068805147,llm_cache_hits,147.0
full__ingress_burst__r19,full,ingress_burst,19,4068805147,llm_degraded,0.0
full__ingress_burst__r19,full,ingress_burst,19,4068805147,llm_invalid,0.0
full__ingress_burst__r19,full,ingress_burst,19,4068805147,llm_latency_s,5.750014679506421e-06
